time,avg_power_kw
0.000,3.646614
1.000,3.646614
2.000,3.646614
3.000,3.646614
4.000,3.646614
5.000,3.646614
6.000,3.646614
7.000,3.646614
8.000,3.646614
9.000,3.646614
10.000,3.646614
11.000,3.646614
12.000,3.646614
13.000,3.646614
14.000,3.646614
15.000,3.646614
16.000,3.646614
17.000,3.646614
18.000,3.646614
19.000,3.646614
20.000,3.646614
21.000,3.646614
22.000,3.646614
23.000,3.646614
24.000,3.646614
25.000,3.646614
26.000,3.646614
27.000,3.646614
28.000,3.646614
29.000,3.646614
30.000,3.646614
31.000,3.646614
32.000,3.646614
33.000,3.646614
34.000,3.646614
35.000,3.646614
36.000,3.646614
37.000,3.646614
38.000,3.646614
39.000,3.646614
40.000,3.646614
41.000,3.646614
42.000,3.646614
43.000,3.646614
44.000,3.646614
45.000,3.646614
46.000,3.646614
47.000,3.646614
48.000,3.646614
49.000,3.646614
50.000,3.646614
51.000,3.646614
52.000,3.646614
53.000,3.646614
54.000,3.646614
55.000,3.646614
56.000,3.646614
57.000,3.646614
58.000,3.646614
59.000,3.646614
60.000,3.646614
61.000,3.646614
62.000,3.646614
63.000,3.646614
64.000,3.646614
65.000,3.646614
66.000,3.646614
67.000,3.646614
68.000,3.646614
69.000,3.646614
70.000,3.646614
71.000,3.646614
72.000,3.646614
73.000,3.646614
74.000,3.646614
75.000,3.646614
76.000,3.646614
77.000,3.646614
78.000,3.646614
79.000,3.646614
80.000,3.646614
81.000,3.646614
82.000,3.646614
83.000,3.646614
84.000,3.646614
85.000,3.646614
86.000,3.646614
87.000,3.646614
88.000,3.646614
89.000,3.646614
90.000,3.646614
91.000,3.646614
92.000,3.646614
93.000,3.646614
94.000,3.646614
95.000,3.646614
96.000,3.646614
97.000,3.646614
98.000,3.646614
99.000,3.646614
100.000,3.646614
101.000,3.646614
102.000,3.646614
103.000,3.646614
104.000,3.646614
105.000,3.646614
106.000,3.646614
107.000,3.646614
108.000,3.646614
109.000,3.646614
110.000,3.646614
111.000,3.646614
112.000,3.646614
113.000,3.646614
114.000,3.646614
115.000,3.646614
116.000,3.646614
117.000,3.646614
118.000,3.646614
119.000,3.646614
120.000,3.646614
121.000,3.646614
122.000,3.646614
123.000,3.646614
124.000,3.646614
125.000,3.646614
126.000,3.646614
127.000,3.646614
128.000,3.646614
129.000,3.646614
130.000,3.646614
131.000,3.646614
132.000,3.646614
133.000,3.646614
134.000,3.646614
135.000,3.646614
136.000,3.646614
137.000,3.646614
138.000,3.646614
139.000,3.646614
140.000,3.646614
141.000,3.646614
142.000,3.646614
143.000,3.646614
144.000,3.646614
145.000,3.646614
146.000,3.646614
147.000,3.646614
148.000,3.646614
149.000,3.646614
150.000,3.646614
151.000,3.646614
152.000,3.646614
153.000,3.646614
154.000,3.646614
155.000,3.646614
156.000,3.646614
157.000,3.646614
158.000,3.646614
159.000,3.646614
160.000,3.646614
161.000,3.646614
162.000,3.646614
163.000,3.646614
164.000,3.646614
165.000,3.646614
166.000,3.646614
167.000,3.646614
168.000,3.646614
169.000,3.646614
170.000,3.646614
171.000,3.646614
172.000,3.646614
173.000,3.646614
174.000,3.646614
175.000,3.646614
176.000,3.646614
177.000,3.646614
178.000,3.646614
179.000,3.646614
180.000,3.646614
181.000,3.646614
182.000,3.646614
183.000,3.646614
184.000,3.646614
185.000,3.646614
186.000,3.646614
187.000,3.646614
188.000,3.646614
189.000,3.646614
190.000,3.646614
191.000,3.646614
192.000,3.646614
193.000,3.646614
194.000,3.646614
195.000,3.646614
196.000,3.646614
197.000,3.646614
198.000,3.646614
199.000,3.646614
200.000,3.646614
201.000,3.646614
202.000,3.646614
203.000,3.646614
204.000,3.646614
205.000,3.646614
206.000,3.646614
207.000,3.646614
208.000,3.646614
209.000,3.646614
210.000,3.646614
211.000,3.646614
212.000,3.646614
213.000,3.646614
214.000,3.646614
215.000,3.646614
216.000,3.646614
217.000,3.646614
218.000,3.646614
219.000,3.646614
220.000,3.646614
221.000,3.646614
222.000,3.646614
223.000,3.646614
224.000,3.646614
225.000,3.646614
226.000,3.646614
227.000,3.646614
228.000,3.646614
229.000,3.646614
230.000,3.646614
231.000,3.646614
232.000,3.646614
233.000,3.646614
234.000,3.646614
235.000,3.646614
236.000,3.646614
237.000,3.646614
238.000,3.646614
239.000,3.646614
240.000,3.646614
241.000,3.646614
242.000,3.646614
243.000,3.646614
244.000,3.646614
245.000,3.646614
246.000,3.646614
247.000,3.646614
248.000,3.646614
249.000,3.646614
250.000,3.646614
251.000,3.646614
252.000,3.646614
253.000,3.646614
254.000,3.646614
255.000,3.646614
256.000,3.646614
257.000,3.646614
258.000,3.646614
259.000,3.646614
260.000,3.646614
261.000,3.646614
262.000,3.646614
263.000,3.646614
264.000,3.646614
265.000,3.646614
266.000,3.646614
267.000,3.646614
268.000,3.646614
269.000,3.646614
270.000,3.646614
271.000,3.646614
272.000,3.646614
273.000,3.646614
274.000,3.646614
275.000,3.646614
276.000,3.646614
277.000,3.646614
278.000,3.646614
279.000,3.646614
280.000,3.646614
281.000,3.646614
282.000,3.646614
283.000,3.646614
284.000,3.646614
285.000,3.646614
286.000,3.646614
287.000,3.646614
288.000,3.646614
289.000,3.646614
290.000,3.646614
291.000,3.646614
292.000,3.646614
293.000,3.646614
294.000,3.646614
295.000,3.646614
296.000,3.646614
297.000,3.646614
298.000,3.646614
299.000,3.646614
300.000,9773.461522
301.000,9773.461522
302.000,9773.461522
303.000,9773.461522
304.000,9773.461522
305.000,9773.461522
306.000,9773.461522
307.000,9773.461522
308.571,4502.694807
309.571,4502.694807
310.571,4502.694807
311.571,4502.694807
312.571,4502.694807
313.571,4502.694807
314.571,4502.694807
315.571,4502.694807
316.571,4502.694807
317.571,4502.694807
318.571,4502.694807
319.571,4502.694807
320.571,4502.694807
321.571,4502.694807
322.571,4502.694807
323.571,4502.694807
324.571,4502.694807
325.571,4502.694807
326.571,4502.694807
327.571,4502.694807
328.571,9551.679447
329.571,9551.679447
330.571,9551.679447
331.571,9551.679447
332.571,9551.679447
333.571,9551.679447
334.571,9551.679447
335.571,9551.679447
336.571,9551.679447
337.571,9551.679447
338.571,9551.679447
339.571,9551.679447
340.571,9551.679447
341.571,9551.679447
342.571,9551.679447
343.571,9551.679447
344.571,9551.679447
345.571,9551.679447
346.571,9551.679447
347.571,9551.679447
348.571,9551.679447
349.571,9551.679447
350.571,9551.679447
351.571,9551.679447
352.571,9551.679447
353.571,9551.679447
354.571,9551.679447
355.571,9551.679447
356.571,9551.679447
357.571,9551.679447
358.571,9551.679447
359.571,9551.679447
360.571,9551.679447
361.571,9551.679447
362.571,3445.330121
363.571,3445.330121
364.571,3445.330121
365.571,3445.330121
366.571,3445.330121
367.571,3445.330121
368.571,3445.330121
369.571,3445.330121
370.571,3445.330121
371.571,3445.330121
372.571,3445.330121
373.571,3445.330121
374.571,3445.330121
375.571,3445.330121
376.571,3445.330121
377.571,3445.330121
378.571,3445.330121
379.571,3445.330121
380.571,3445.330121
381.571,3445.330121
382.571,3445.330121
383.571,3445.330121
384.571,3445.330121
385.571,3445.330121
386.571,3445.330121
387.571,3445.330121
388.571,3445.330121
389.571,3445.330121
390.571,3445.330121
391.571,3445.330121
392.571,3445.330121
393.571,3445.330121
394.571,3445.330121
395.571,3445.330121
396.571,3445.330121
397.571,3445.330121
398.571,3445.330121
399.571,3445.330121
400.571,3445.330121
401.571,3445.330121
402.571,3445.330121
403.571,3445.330121
404.571,3445.330121
405.571,3445.330121
406.571,3445.330121
407.571,3445.330121
408.571,3445.330121
409.571,3445.330121
410.571,3445.330121
411.571,3445.330121
412.571,3445.330121
413.571,3445.330121
414.571,3445.330121
415.571,3445.330121
416.571,3445.330121
417.571,3445.330121
418.571,3445.330121
419.571,3445.330121
420.571,3445.330121
421.571,3445.330121
422.571,3445.330121
423.571,3445.330121
424.571,3445.330121
425.571,3445.330121
426.571,3445.330121
427.571,3445.330121
428.571,3445.330121
429.571,3445.330121
430.571,3445.330121
431.571,3445.330121
432.571,3445.330121
433.571,3445.330121
434.571,3445.330121
435.571,3445.330121
436.571,3445.330121
437.571,3445.330121
438.571,3445.330121
439.571,3445.330121
440.571,3445.330121
441.571,3445.330121
442.571,3445.330121
443.571,3445.330121
444.571,3445.330121
445.571,3445.330121
446.571,3445.330121
447.571,3445.330121
448.571,3445.330121
449.571,3445.330121
450.571,3445.330121
451.571,3445.330121
452.571,3445.330121
453.571,3445.330121
454.571,3445.330121
455.571,3445.330121
456.571,3445.330121
457.571,3445.330121
458.571,3445.330121
459.571,3445.330121
460.571,3445.330121
461.571,3445.330121
462.571,3445.330121
463.571,3445.330121
464.571,3445.330121
465.571,3445.330121
466.571,3445.330121
467.571,3445.330121
468.571,3445.330121
469.571,3445.330121
470.571,3445.330121
471.571,3445.330121
472.571,3445.330121
473.571,3445.330121
474.571,3445.330121
475.571,3445.330121
476.571,3445.330121
477.571,3445.330121
478.571,3445.330121
479.571,3445.330121
480.571,3445.330121
481.571,3445.330121
482.571,3445.330121
483.571,3445.330121
484.571,3445.330121
485.571,3445.330121
486.571,3445.330121
487.571,3445.330121
488.571,3445.330121
489.571,3445.330121
490.571,3445.330121
491.571,3445.330121
492.571,3445.330121
493.571,3445.330121
494.571,3445.330121
495.571,3445.330121
496.571,3445.330121
497.571,3445.330121
498.571,3445.330121
499.571,3445.330121
500.571,3445.330121
501.571,3445.330121
502.571,3445.330121
503.571,3445.330121
504.571,3445.330121
505.571,3445.330121
506.571,3445.330121
507.571,3445.330121
508.571,3445.330121
509.571,3445.330121
510.571,3445.330121
511.571,3445.330121
512.571,3445.330121
513.571,3445.330121
514.571,3445.330121
515.571,3445.330121
516.571,3445.330121
517.571,3445.330121
518.571,3445.330121
519.571,3445.330121
520.571,3445.330121
521.571,3445.330121
522.571,3445.330121
523.571,3445.330121
524.571,3445.330121
525.571,3445.330121
526.571,3445.330121
527.571,3445.330121
528.571,3445.330121
529.571,3445.330121
530.571,3445.330121
531.571,3445.330121
532.571,3445.330121
533.571,3445.330121
534.571,3445.330121
535.571,3445.330121
536.571,3445.330121
537.571,3445.330121
538.571,3445.330121
539.571,3445.330121
540.571,3445.330121
541.571,3445.330121
542.571,3445.330121
543.571,3445.330121
544.571,3445.330121
545.571,3445.330121
546.571,3445.330121
547.571,3445.330121
548.571,3445.330121
549.571,3445.330121
550.571,3445.330121
551.571,3445.330121
552.571,3445.330121
553.571,3445.330121
554.571,3445.330121
555.571,3445.330121
556.571,3445.330121
557.571,3445.330121
558.571,3445.330121
559.571,3445.330121
560.571,3445.330121
561.571,3445.330121
562.571,3445.330121
563.571,3445.330121
564.571,3445.330121
565.571,3445.330121
566.571,3445.330121
567.571,3445.330121
568.571,3445.330121
569.571,3445.330121
570.571,3445.330121
571.571,3445.330121
572.571,3445.330121
573.571,3445.330121
574.571,3445.330121
575.571,3445.330121
576.571,3445.330121
577.571,3445.330121
578.571,3445.330121
579.571,3445.330121
580.571,3445.330121
581.571,3445.330121
582.571,3445.330121
583.571,3445.330121
584.571,3445.330121
585.571,3445.330121
586.571,3445.330121
587.571,3445.330121
588.571,3445.330121
589.571,3445.330121
590.571,3445.330121
591.571,3445.330121
592.571,3445.330121
593.571,3445.330121
594.571,3445.330121
595.571,3445.330121
596.571,3445.330121
597.571,3445.330121
598.571,3445.330121
599.571,3445.330121
600.571,3445.330121
601.571,3445.330121
602.571,3445.330121
603.571,3445.330121
604.571,3445.330121
605.571,3445.330121
606.571,3445.330121
607.571,3445.330121
608.571,3445.330121
609.571,3445.330121
610.571,3445.330121
611.571,3445.330121
612.571,3445.330121
613.571,3445.330121
614.571,3445.330121
615.571,3445.330121
616.571,3445.330121
617.571,3445.330121
618.571,3445.330121
619.571,3445.330121
620.571,3445.330121
621.571,3445.330121
622.571,3445.330121
623.571,3445.330121
624.571,3445.330121
625.571,3445.330121
626.571,3445.330121
627.571,3445.330121
628.571,3445.330121
629.571,3445.330121
630.571,3445.330121
631.571,3445.330121
632.571,3445.330121
633.571,3445.330121
634.571,3445.330121
635.571,3445.330121
636.571,3445.330121
637.571,3445.330121
638.571,3445.330121
639.571,3445.330121
640.571,3445.330121
641.571,3445.330121
642.571,3445.330121
643.571,3445.330121
644.571,3445.330121
645.571,3445.330121
646.571,3445.330121
647.571,3445.330121
648.571,3445.330121
649.571,3445.330121
650.571,3445.330121
651.571,3445.330121
652.571,3445.330121
653.571,3445.330121
654.571,3445.330121
655.571,3445.330121
656.571,3445.330121
657.571,3445.330121
658.571,3445.330121
659.571,3445.330121
660.571,3445.330121
661.571,3445.330121
662.571,3445.330121
663.571,3445.330121
664.571,3445.330121
665.571,3445.330121
666.571,3445.330121
667.571,3445.330121
668.571,3445.330121
669.571,3445.330121
670.571,3445.330121
671.571,3445.330121
672.571,3445.330121
673.571,3445.330121
674.571,3445.330121
675.571,3445.330121
676.571,3445.330121
677.571,3445.330121
678.571,3445.330121
679.571,3445.330121
680.571,3445.330121
681.571,3445.330121
682.571,3445.330121
683.571,3445.330121
684.571,3445.330121
685.571,3445.330121
686.571,3445.330121
687.571,3445.330121
688.571,3445.330121
689.571,3445.330121
690.571,3445.330121
691.571,3445.330121
692.571,3445.330121
693.571,3445.330121
694.571,3445.330121
695.571,3445.330121
696.571,3445.330121
697.571,3445.330121
698.571,3445.330121
699.571,3445.330121
700.571,3445.330121
701.571,3445.330121
702.571,3445.330121
703.571,3445.330121
704.571,3445.330121
705.571,3445.330121
706.571,3445.330121
707.571,3445.330121
708.571,3445.330121
709.571,3445.330121
710.571,3445.330121
711.571,3445.330121
712.571,3445.330121
713.571,3445.330121
714.571,3445.330121
715.571,3445.330121
716.571,3445.330121
717.571,3445.330121
718.571,3445.330121
719.571,3445.330121
720.571,3445.330121
721.571,3445.330121
722.571,3445.330121
723.571,3445.330121
724.571,3445.330121
725.571,3445.330121
726.571,3445.330121
727.571,3445.330121
728.571,3445.330121
729.571,3445.330121
730.571,3445.330121
731.571,3445.330121
732.571,3445.330121
733.571,3445.330121
734.571,3445.330121
735.571,3445.330121
736.571,3445.330121
737.571,3445.330121
738.571,3445.330121
739.571,3445.330121
740.571,3445.330121
741.571,3445.330121
742.571,3445.330121
743.571,3445.330121
744.571,3445.330121
745.571,3445.330121
746.571,3445.330121
747.571,3445.330121
748.571,3445.330121
749.571,3445.330121
750.571,3445.330121
751.571,3445.330121
752.571,3445.330121
753.571,3445.330121
754.571,3445.330121
755.571,3445.330121
756.571,3445.330121
757.571,3445.330121
758.571,3445.330121
759.571,3445.330121
760.571,3445.330121
761.571,3445.330121
762.571,3445.330121
763.571,3445.330121
764.571,3445.330121
765.571,3445.330121
766.571,3445.330121
767.571,3445.330121
768.571,3445.330121
769.571,3445.330121
770.571,3445.330121
771.571,3445.330121
772.571,3445.330121
773.571,3445.330121
774.571,3445.330121
775.571,3445.330121
776.571,3445.330121
777.571,3445.330121
778.571,3445.330121
779.571,3445.330121
780.571,3445.330121
781.571,3445.330121
782.571,3445.330121
783.571,3445.330121
784.571,3445.330121
785.571,3445.330121
786.571,3445.330121
787.571,3445.330121
788.571,3445.330121
789.571,3445.330121
790.571,3445.330121
791.571,3445.330121
792.571,3445.330121
793.571,3445.330121
794.571,3445.330121
795.571,3445.330121
796.571,3445.330121
797.571,3445.330121
798.571,3445.330121
799.571,3445.330121
800.571,3445.330121
801.571,3445.330121
802.571,3445.330121
803.571,3445.330121
804.571,3445.330121
805.571,3445.330121
806.571,3445.330121
807.571,3445.330121
808.571,3445.330121
809.571,3445.330121
810.571,3445.330121
811.571,3445.330121
812.571,3445.330121
813.571,3445.330121
814.571,3445.330121
815.571,3445.330121
816.571,3445.330121
817.571,3445.330121
818.571,3445.330121
819.571,3445.330121
820.571,3445.330121
821.571,3445.330121
822.571,3445.330121
823.571,3445.330121
824.571,3445.330121
825.571,3445.330121
826.571,3445.330121
827.571,3445.330121
828.571,3445.330121
829.571,3445.330121
830.571,3445.330121
831.571,3445.330121
832.571,3445.330121
833.571,3445.330121
834.571,3445.330121
835.571,3445.330121
836.571,3445.330121
837.571,3445.330121
838.571,3445.330121
839.571,3445.330121
840.571,3445.330121
841.571,3445.330121
842.571,3445.330121
843.571,3445.330121
844.571,3445.330121
845.571,3445.330121
846.571,3445.330121
847.571,3445.330121
848.571,3445.330121
849.571,3445.330121
850.571,3445.330121
851.571,3445.330121
852.571,3445.330121
853.571,3445.330121
854.571,3445.330121
855.571,3445.330121
856.571,3445.330121
857.571,3445.330121
858.571,3445.330121
859.571,3445.330121
860.571,3445.330121
861.571,3445.330121
862.571,3445.330121
863.571,3445.330121
864.571,3445.330121
865.571,3445.330121
866.571,3445.330121
867.571,3445.330121
868.571,3445.330121
869.571,3445.330121
870.571,3445.330121
871.571,3445.330121
872.571,3445.330121
873.571,3445.330121
874.571,3445.330121
875.571,3445.330121
876.571,3445.330121
877.571,3445.330121
878.571,3445.330121
879.571,3445.330121
880.571,3445.330121
881.571,3445.330121
882.571,3445.330121
883.571,3445.330121
884.571,3445.330121
885.571,3445.330121
886.571,3445.330121
887.571,3445.330121
888.571,3445.330121
889.571,3445.330121
890.571,3445.330121
891.571,3445.330121
892.571,3445.330121
893.571,3445.330121
894.571,3445.330121
895.571,3445.330121
896.571,3445.330121
897.571,3445.330121
898.571,3445.330121
899.571,3445.330121
900.571,3445.330121
901.571,3445.330121
902.571,3445.330121
903.571,3445.330121
904.571,3445.330121
905.571,3445.330121
906.571,3445.330121
907.571,3445.330121
908.571,3445.330121
909.571,3445.330121
910.571,3445.330121
911.571,3445.330121
912.571,3445.330121
913.571,3445.330121
914.571,3445.330121
915.571,3445.330121
916.571,3445.330121
917.571,3445.330121
918.571,3445.330121
919.571,3445.330121
920.571,3445.330121
921.571,3445.330121
922.571,3445.330121
923.571,3445.330121
924.571,3445.330121
925.571,3445.330121
926.571,3445.330121
927.571,3445.330121
928.571,3445.330121
929.571,3445.330121
930.571,3445.330121
931.571,3445.330121
932.571,3445.330121
933.571,3445.330121
934.571,3445.330121
935.571,3445.330121
936.571,3445.330121
937.571,3445.330121
938.571,3445.330121
939.571,3445.330121
940.571,3445.330121
941.571,3445.330121
942.571,3445.330121
943.571,3445.330121
944.571,3445.330121
945.571,3445.330121
946.571,3445.330121
947.571,3445.330121
948.571,3445.330121
949.571,3445.330121
950.571,3445.330121
951.571,3445.330121
952.571,3445.330121
953.571,3445.330121
954.571,3445.330121
955.571,3445.330121
956.571,3445.330121
957.571,3445.330121
958.571,3445.330121
959.571,3445.330121
960.571,3445.330121
961.571,3445.330121
962.571,3445.330121
963.571,3445.330121
964.571,3445.330121
965.571,3445.330121
966.571,3445.330121
967.571,3445.330121
968.571,3445.330121
969.571,3445.330121
970.571,3445.330121
971.571,3445.330121
972.571,3445.330121
973.571,3445.330121
974.571,3445.330121
975.571,3445.330121
976.571,3445.330121
977.571,3445.330121
978.571,3445.330121
979.571,3445.330121
980.571,3445.330121
981.571,3445.330121
982.571,3445.330121
983.571,3445.330121
984.571,3445.330121
985.571,3445.330121
986.571,3445.330121
987.571,3445.330121
988.571,3445.330121
989.571,3445.330121
990.571,3445.330121
991.571,3445.330121
992.571,3445.330121
993.571,3445.330121
994.571,3445.330121
995.571,3445.330121
996.571,3445.330121
997.571,3445.330121
998.571,3445.330121
999.571,3445.330121
1000.571,3445.330121
1001.571,3445.330121
1002.571,3445.330121
1003.571,3445.330121
1004.571,3445.330121
1005.571,3445.330121
1006.571,3445.330121
1007.571,3445.330121
1008.571,3445.330121
1009.571,3445.330121
1010.571,3445.330121
1011.571,3445.330121
1012.571,3445.330121
1013.571,3445.330121
1014.571,3445.330121
1015.571,3445.330121
1016.571,3445.330121
1017.571,3445.330121
1018.571,3445.330121
1019.571,3445.330121
1020.571,3445.330121
1021.571,3445.330121
1022.571,3445.330121
1023.571,3445.330121
1024.571,3445.330121
1025.571,3445.330121
1026.571,3445.330121
1027.571,3445.330121
1028.571,3445.330121
1029.571,3445.330121
1030.571,3445.330121
1031.571,3445.330121
1032.571,3445.330121
1033.571,3445.330121
1034.571,3445.330121
1035.571,3445.330121
1036.571,3445.330121
1037.571,3445.330121
1038.571,3445.330121
1039.571,3445.330121
1040.571,3445.330121
1041.571,3445.330121
1042.571,3445.330121
1043.571,3445.330121
1044.571,3445.330121
1045.571,3445.330121
1046.571,3445.330121
1047.571,3445.330121
1048.571,3445.330121
1049.571,3445.330121
1050.571,3445.330121
1051.571,3445.330121
1052.571,3445.330121
1053.571,3445.330121
1054.571,3445.330121
1055.571,3445.330121
1056.571,3445.330121
1057.571,3445.330121
1058.571,3445.330121
1059.571,3445.330121
1060.571,3445.330121
1061.571,3445.330121
1062.571,3445.330121
1063.571,3445.330121
1064.571,3445.330121
1065.571,3445.330121
1066.571,3445.330121
1067.571,3445.330121
1068.571,3445.330121
1069.571,3445.330121
1070.571,3445.330121
1071.571,3445.330121
1072.571,3445.330121
1073.571,3445.330121
1074.571,3445.330121
1075.571,3445.330121
1076.571,3445.330121
1077.571,3445.330121
1078.571,3445.330121
1079.571,3445.330121
1080.571,3445.330121
1081.571,3445.330121
1082.571,3445.330121
1083.571,3445.330121
1084.571,3445.330121
1085.571,3445.330121
1086.571,3445.330121
1087.571,3445.330121
1088.571,3445.330121
1089.571,3445.330121
1090.571,3445.330121
1091.571,3445.330121
1092.571,3445.330121
1093.571,3445.330121
1094.571,3445.330121
1095.571,3445.330121
1096.571,3445.330121
1097.571,3445.330121
1098.571,3445.330121
1099.571,3445.330121
1100.571,3445.330121
1101.571,3445.330121
1102.571,3445.330121
1103.571,3445.330121
1104.571,3445.330121
1105.571,3445.330121
1106.571,3445.330121
1107.571,3445.330121
1108.571,3445.330121
1109.571,3445.330121
1110.571,3445.330121
1111.571,3445.330121
1112.571,3445.330121
1113.571,3445.330121
1114.571,3445.330121
1115.571,3445.330121
1116.571,3445.330121
1117.571,3445.330121
1118.571,3445.330121
1119.571,3445.330121
1120.571,3445.330121
1121.571,3445.330121
1122.571,3445.330121
1123.571,3445.330121
1124.571,3445.330121
1125.571,3445.330121
1126.571,3445.330121
1127.571,3445.330121
1128.571,3445.330121
1129.571,3445.330121
1130.571,3445.330121
1131.571,3445.330121
1132.571,3445.330121
1133.571,3445.330121
1134.571,3445.330121
1135.571,3445.330121
1136.571,3445.330121
1137.571,3445.330121
1138.571,3445.330121
1139.571,3445.330121
1140.571,3445.330121
1141.571,3445.330121
1142.571,3445.330121
1143.571,3445.330121
1144.571,3445.330121
1145.571,3445.330121
1146.571,3445.330121
1147.571,3445.330121
1148.571,3445.330121
1149.571,3445.330121
1150.571,3445.330121
1151.571,3445.330121
1152.571,3445.330121
1153.571,3445.330121
1154.571,3445.330121
1155.571,3445.330121
1156.571,3445.330121
1157.571,3445.330121
1158.571,3445.330121
1159.571,3445.330121
1160.571,3445.330121
1161.571,3445.330121
1162.571,3445.330121
1163.571,3445.330121
1164.571,3445.330121
1165.571,3445.330121
1166.571,3445.330121
1167.571,3445.330121
1168.571,3445.330121
1169.571,3445.330121
1170.571,3445.330121
1171.571,3445.330121
1172.571,3445.330121
1173.571,3445.330121
1174.571,3445.330121
1175.571,3445.330121
1176.571,3445.330121
1177.571,3445.330121
1178.571,3445.330121
1179.571,3445.330121
1180.571,3445.330121
1181.571,3445.330121
1182.571,3445.330121
1183.571,3445.330121
1184.571,3445.330121
1185.571,3445.330121
1186.571,3445.330121
1187.571,3445.330121
1188.571,3445.330121
1189.571,3445.330121
1190.571,3445.330121
1191.571,3445.330121
1192.571,3445.330121
1193.571,3445.330121
1194.571,3445.330121
1195.571,3445.330121
1196.571,3445.330121
1197.571,3445.330121
1198.571,3445.330121
1199.571,3445.330121
1200.571,3445.330121
1201.571,3445.330121
1202.571,3445.330121
1203.571,3445.330121
1204.571,3445.330121
1205.571,3445.330121
1206.571,3445.330121
1207.571,3445.330121
1208.571,3445.330121
1209.571,3445.330121
1210.571,3445.330121
1211.571,3445.330121
1212.571,3445.330121
1213.571,3445.330121
1214.571,3445.330121
1215.571,3445.330121
1216.571,3445.330121
1217.571,3445.330121
1218.571,3445.330121
1219.571,3445.330121
1220.571,3445.330121
1221.571,3445.330121
1222.571,3445.330121
1223.571,3445.330121
1224.571,3445.330121
1225.571,3445.330121
1226.571,3445.330121
1227.571,3445.330121
1228.571,3445.330121
1229.571,3445.330121
1230.571,3445.330121
1231.571,3445.330121
1232.571,3445.330121
1233.571,3445.330121
1234.571,3445.330121
1235.571,3445.330121
1236.571,3445.330121
1237.571,3445.330121
1238.571,3445.330121
1239.571,3445.330121
1240.571,3445.330121
1241.571,3445.330121
1242.571,3445.330121
1243.571,3445.330121
1244.571,3445.330121
1245.571,3445.330121
1246.571,3445.330121
1247.571,3445.330121
1248.571,3445.330121
1249.571,3445.330121
1250.571,3445.330121
1251.571,3445.330121
1252.571,3445.330121
1253.571,3445.330121
1254.571,3445.330121
1255.571,3445.330121
1256.571,3445.330121
1257.571,3445.330121
1258.571,3445.330121
1259.571,3445.330121
1260.571,3445.330121
1261.571,3445.330121
1262.571,3445.330121
1263.571,3445.330121
1264.571,3445.330121
1265.571,3445.330121
1266.571,3445.330121
1267.571,3445.330121
1268.571,3445.330121
1269.571,3445.330121
1270.571,3445.330121
1271.571,3445.330121
1272.571,3445.330121
1273.571,3445.330121
1274.571,3445.330121
1275.571,3445.330121
1276.571,3445.330121
1277.571,3445.330121
1278.571,3445.330121
1279.571,3445.330121
1280.571,3445.330121
1281.571,3445.330121
1282.571,3445.330121
1283.571,3445.330121
1284.571,3445.330121
1285.571,3445.330121
1286.571,3445.330121
1287.571,3445.330121
1288.571,3445.330121
1289.571,3445.330121
1290.571,3445.330121
1291.571,3445.330121
1292.571,3445.330121
1293.571,3445.330121
1294.571,3445.330121
1295.571,3445.330121
1296.571,3445.330121
1297.571,3445.330121
1298.571,3445.330121
1299.571,3445.330121
1300.571,3445.330121
1301.571,3445.330121
1302.571,3445.330121
1303.571,3445.330121
1304.571,3445.330121
1305.571,3445.330121
1306.571,3445.330121
1307.571,3445.330121
1308.571,3445.330121
1309.571,3445.330121
1310.571,3445.330121
1311.571,3445.330121
1312.571,3445.330121
1313.571,3445.330121
1314.571,3445.330121
1315.571,3445.330121
1316.571,3445.330121
1317.571,3445.330121
1318.571,3445.330121
1319.571,3445.330121
1320.571,3445.330121
1321.571,3445.330121
1322.571,3445.330121
1323.571,3445.330121
1324.571,3445.330121
1325.571,3445.330121
1326.571,3445.330121
1327.571,3445.330121
1328.571,3445.330121
1329.571,3445.330121
1330.571,3445.330121
1331.571,3445.330121
1332.571,3445.330121
1333.571,3445.330121
1334.571,3445.330121
1335.571,3445.330121
1336.571,3445.330121
1337.571,3445.330121
1338.571,3445.330121
1339.571,3445.330121
1340.571,3445.330121
1341.571,3445.330121
1342.571,3445.330121
1343.571,3445.330121
1344.571,3445.330121
1345.571,3445.330121
1346.571,3445.330121
1347.571,3445.330121
1348.571,3445.330121
1349.571,3445.330121
1350.571,3445.330121
1351.571,3445.330121
1352.571,3445.330121
1353.571,3445.330121
1354.571,3445.330121
1355.571,3445.330121
1356.571,3445.330121
1357.571,3445.330121
1358.571,3445.330121
1359.571,3445.330121
1360.571,3445.330121
1361.571,3445.330121
1362.571,302.450793
1363.571,302.450793
1364.571,302.450793
1365.571,302.450793
1366.571,302.450793
1367.571,302.450793
1368.571,302.450793
1369.571,302.450793
1370.571,302.450793
1371.571,302.450793
1372.571,302.450793
1373.571,302.450793
1374.571,302.450793
1375.571,302.450793
1376.571,302.450793
1377.571,302.450793
1378.571,302.450793
1379.571,302.450793
1380.571,302.450793
1381.571,302.450793
1382.571,302.450793
1383.571,302.450793
1384.571,302.450793
1385.571,302.450793
1386.571,302.450793
1387.571,302.450793
1388.571,302.450793
1389.571,302.450793
1390.571,302.450793
1391.571,302.450793
1392.571,302.450793
1393.571,302.450793
1394.571,302.450793
1395.571,302.450793
1396.571,74.665939
1397.571,74.665939
1398.571,74.665939
1399.571,74.665939
1400.571,74.665939
1401.571,74.665939
1402.571,74.665939
1403.571,74.665939
1404.571,74.665939
1405.571,74.665939
1406.571,74.665939
1407.571,74.665939
1408.571,74.665939
1409.571,74.665939
1410.571,74.665939
1411.571,74.665939
1412.571,74.665939
1413.571,74.665939
1414.571,74.665939
1415.571,74.665939
1416.571,3401.506559
1417.571,3401.506559
1418.571,3401.506559
1419.571,3401.506559
1420.571,3401.506559
1421.571,3401.506559
1422.571,3401.506559
1423.571,3401.506559
1425.142,1.881908
1426.142,1.881908
1427.142,1.881908
1428.142,1.881908
1429.142,1.881908
1430.142,1.881908
1431.142,1.881908
1432.142,1.881908
1433.142,1.881908
1434.142,1.881908
1435.142,1.881908
1436.142,1.881908
1437.142,1.881908
1438.142,1.881908
1439.142,1.881908
1440.142,1.881908
1441.142,1.881908
1442.142,1.881908
1443.142,1.881908
1444.142,1.881908
1445.142,1.881908
1446.142,1.881908
1447.142,1.881908
1448.142,1.881908
1449.142,1.881908
1450.142,1.881908
1451.142,1.881908
1452.142,1.881908
1453.142,1.881908
1454.142,1.881908
1455.142,1.881908
1456.142,1.881908
1457.142,1.881908
1458.142,1.881908
1459.142,1.881908
1460.142,1.881908
1461.142,1.881908
1462.142,1.881908
1463.142,1.881908
1464.142,1.881908
1465.142,1.881908
1466.142,1.881908
1467.142,1.881908
1468.142,1.881908
1469.142,1.881908
1470.142,1.881908
1471.142,1.881908
1472.142,1.881908
1473.142,1.881908
1474.142,1.881908
1475.142,1.881908
1476.142,1.881908
1477.142,1.881908
1478.142,1.881908
1479.142,1.881908
1480.142,1.881908
1481.142,1.881908
1482.142,1.881908
1483.142,1.881908
1484.142,1.881908
1485.142,1.881908
1486.142,1.881908
1487.142,1.881908
1488.142,1.881908
1489.142,1.881908
1490.142,1.881908
1491.142,1.881908
1492.142,1.881908
1493.142,1.881908
1494.142,1.881908
1495.142,1.881908
1496.142,1.881908
1497.142,1.881908
1498.142,1.881908
1499.142,1.881908
1500.142,1.881908
1501.142,1.881908
1502.142,1.881908
1503.142,1.881908
1504.142,1.881908
1505.142,1.881908
1506.142,1.881908
1507.142,1.881908
1508.142,1.881908
1509.142,1.881908
1510.142,1.881908
1511.142,1.881908
1512.142,1.881908
1513.142,1.881908
1514.142,1.881908
1515.142,1.881908
1516.142,1.881908
1517.142,1.881908
1518.142,1.881908
1519.142,1.881908
1520.142,1.881908
1521.142,1.881908
1522.142,1.881908
1523.142,1.881908
1524.142,1.881908
1525.142,1.881908
1526.142,1.881908
1527.142,1.881908
1528.142,1.881908
1529.142,1.881908
1530.142,1.881908
1531.142,1.881908
1532.142,1.881908
1533.142,1.881908
1534.142,1.881908
1535.142,1.881908
1536.142,1.881908
1537.142,1.881908
1538.142,1.881908
1539.142,1.881908
1540.142,1.881908
1541.142,1.881908
1542.142,1.881908
1543.142,1.881908
1544.142,1.881908
1545.142,1.881908
1546.142,1.881908
1547.142,1.881908
1548.142,1.881908
1549.142,1.881908
1550.142,1.881908
1551.142,1.881908
1552.142,1.881908
1553.142,1.881908
1554.142,1.881908
1555.142,1.881908
1556.142,1.881908
1557.142,1.881908
1558.142,1.881908
1559.142,1.881908
1560.142,1.881908
1561.142,1.881908
1562.142,1.881908
1563.142,1.881908
1564.142,1.881908
1565.142,1.881908
1566.142,1.881908
1567.142,1.881908
1568.142,1.881908
1569.142,1.881908
1570.142,1.881908
1571.142,1.881908
1572.142,1.881908
1573.142,1.881908
1574.142,1.881908
1575.142,1.881908
1576.142,1.881908
1577.142,1.881908
1578.142,1.881908
1579.142,1.881908
1580.142,1.881908
1581.142,1.881908
1582.142,1.881908
1583.142,1.881908
1584.142,1.881908
1585.142,1.881908
1586.142,1.881908
1587.142,1.881908
1588.142,1.881908
1589.142,1.881908
1590.142,1.881908
1591.142,1.881908
1592.142,1.881908
1593.142,1.881908
1594.142,1.881908
1595.142,1.881908
1596.142,1.881908
1597.142,1.881908
1598.142,1.881908
1599.142,1.881908
1600.142,1.881908
1601.142,1.881908
1602.142,1.881908
1603.142,1.881908
1604.142,1.881908
1605.142,1.881908
1606.142,1.881908
1607.142,1.881908
1608.142,1.881908
1609.142,1.881908
1610.142,1.881908
1611.142,1.881908
1612.142,1.881908
1613.142,1.881908
1614.142,1.881908
1615.142,1.881908
1616.142,1.881908
1617.142,1.881908
1618.142,1.881908
1619.142,1.881908
1620.142,1.881908
1621.142,1.881908
1622.142,1.881908
1623.142,1.881908
1624.142,1.881908
1625.142,1.881908
1626.142,1.881908
1627.142,1.881908
1628.142,1.881908
1629.142,1.881908
1630.142,1.881908
1631.142,1.881908
1632.142,1.881908
1633.142,1.881908
1634.142,1.881908
1635.142,1.881908
1636.142,1.881908
1637.142,1.881908
1638.142,1.881908
1639.142,1.881908
1640.142,1.881908
1641.142,1.881908
1642.142,1.881908
1643.142,1.881908
1644.142,1.881908
1645.142,1.881908
1646.142,1.881908
1647.142,1.881908
1648.142,1.881908
1649.142,1.881908
1650.142,1.881908
1651.142,1.881908
1652.142,1.881908
1653.142,1.881908
1654.142,1.881908
1655.142,1.881908
1656.142,1.881908
1657.142,1.881908
1658.142,1.881908
1659.142,1.881908
1660.142,1.881908
1661.142,1.881908
1662.142,1.881908
1663.142,1.881908
1664.142,1.881908
1665.142,1.881908
1666.142,1.881908
1667.142,1.881908
1668.142,1.881908
1669.142,1.881908
1670.142,1.881908
1671.142,1.881908
1672.142,1.881908
1673.142,1.881908
1674.142,1.881908
1675.142,1.881908
1676.142,1.881908
1677.142,1.881908
1678.142,1.881908
1679.142,1.881908
1680.142,1.881908
1681.142,1.881908
1682.142,1.881908
1683.142,1.881908
1684.142,1.881908
1685.142,1.881908
1686.142,1.881908
1687.142,1.881908
1688.142,1.881908
1689.142,1.881908
1690.142,1.881908
1691.142,1.881908
1692.142,1.881908
1693.142,1.881908
1694.142,1.881908
1695.142,1.881908
1696.142,1.881908
1697.142,1.881908
1698.142,1.881908
1699.142,1.881908
1700.142,1.881908
1701.142,1.881908
1702.142,1.881908
1703.142,1.881908
1704.142,1.881908
1705.142,1.881908
1706.142,1.881908
1707.142,1.881908
1708.142,1.881908
1709.142,1.881908
1710.142,1.881908
1711.142,1.881908
1712.142,1.881908
1713.142,1.881908
1714.142,1.881908
1715.142,1.881908
1716.142,1.881908
1717.142,1.881908
1718.142,1.881908
1719.142,1.881908
1720.142,1.881908
1721.142,1.881908
1722.142,1.881908
1723.142,1.881908
1724.142,1.881908
1725.142,9773.461522
1726.142,9773.461522
1727.142,9773.461522
1728.142,9773.461522
1729.142,9773.461522
1730.142,9773.461522
1731.142,9773.461522
1732.142,9773.461522
1733.713,4502.694807
1734.713,4502.694807
1735.713,4502.694807
1736.713,4502.694807
1737.713,4502.694807
1738.713,4502.694807
1739.713,4502.694807
1740.713,4502.694807
1741.713,4502.694807
1742.713,4502.694807
1743.713,4502.694807
1744.713,4502.694807
1745.713,4502.694807
1746.713,4502.694807
1747.713,4502.694807
1748.713,4502.694807
1749.713,4502.694807
1750.713,4502.694807
1751.713,4502.694807
1752.713,4502.694807
1753.713,21986.339911
1754.713,21986.339911
1755.713,21986.339911
1757.113,3445.330121
1758.113,3445.330121
1759.113,3445.330121
1760.113,3445.330121
1761.113,3445.330121
1762.113,3445.330121
1763.113,3445.330121
1764.113,3445.330121
1765.113,3445.330121
1766.113,3445.330121
1767.113,3445.330121
1768.113,3445.330121
1769.113,3445.330121
1770.113,3445.330121
1771.113,3445.330121
1772.113,3445.330121
1773.113,3445.330121
1774.113,3445.330121
1775.113,3445.330121
1776.113,3445.330121
1777.113,3445.330121
1778.113,3445.330121
1779.113,3445.330121
1780.113,3445.330121
1781.113,3445.330121
1782.113,3445.330121
1783.113,3445.330121
1784.113,3445.330121
1785.113,3445.330121
1786.113,3445.330121
1787.113,3445.330121
1788.113,3445.330121
1789.113,3445.330121
1790.113,3445.330121
1791.113,3445.330121
1792.113,3445.330121
1793.113,3445.330121
1794.113,3445.330121
1795.113,3445.330121
1796.113,3445.330121
1797.113,3445.330121
1798.113,3445.330121
1799.113,3445.330121
1800.113,3445.330121
1801.113,3445.330121
1802.113,3445.330121
1803.113,3445.330121
1804.113,3445.330121
1805.113,3445.330121
1806.113,3445.330121
1807.113,3445.330121
1808.113,3445.330121
1809.113,3445.330121
1810.113,3445.330121
1811.113,3445.330121
1812.113,3445.330121
1813.113,3445.330121
1814.113,3445.330121
1815.113,3445.330121
1816.113,3445.330121
1817.113,3445.330121
1818.113,3445.330121
1819.113,3445.330121
1820.113,3445.330121
1821.113,3445.330121
1822.113,3445.330121
1823.113,3445.330121
1824.113,3445.330121
1825.113,3445.330121
1826.113,3445.330121
1827.113,3445.330121
1828.113,3445.330121
1829.113,3445.330121
1830.113,3445.330121
1831.113,3445.330121
1832.113,3445.330121
1833.113,3445.330121
1834.113,3445.330121
1835.113,3445.330121
1836.113,3445.330121
1837.113,3445.330121
1838.113,3445.330121
1839.113,3445.330121
1840.113,3445.330121
1841.113,3445.330121
1842.113,3445.330121
1843.113,3445.330121
1844.113,3445.330121
1845.113,3445.330121
1846.113,3445.330121
1847.113,3445.330121
1848.113,3445.330121
1849.113,3445.330121
1850.113,3445.330121
1851.113,3445.330121
1852.113,3445.330121
1853.113,3445.330121
1854.113,3445.330121
1855.113,3445.330121
1856.113,3445.330121
1857.113,3445.330121
1858.113,3445.330121
1859.113,3445.330121
1860.113,3445.330121
1861.113,3445.330121
1862.113,3445.330121
1863.113,3445.330121
1864.113,3445.330121
1865.113,3445.330121
1866.113,3445.330121
1867.113,3445.330121
1868.113,3445.330121
1869.113,3445.330121
1870.113,3445.330121
1871.113,3445.330121
1872.113,3445.330121
1873.113,3445.330121
1874.113,3445.330121
1875.113,3445.330121
1876.113,3445.330121
1877.113,3445.330121
1878.113,3445.330121
1879.113,3445.330121
1880.113,3445.330121
1881.113,3445.330121
1882.113,3445.330121
1883.113,3445.330121
1884.113,3445.330121
1885.113,3445.330121
1886.113,3445.330121
1887.113,3445.330121
1888.113,3445.330121
1889.113,3445.330121
1890.113,3445.330121
1891.113,3445.330121
1892.113,3445.330121
1893.113,3445.330121
1894.113,3445.330121
1895.113,3445.330121
1896.113,3445.330121
1897.113,3445.330121
1898.113,3445.330121
1899.113,3445.330121
1900.113,3445.330121
1901.113,3445.330121
1902.113,3445.330121
1903.113,3445.330121
1904.113,3445.330121
1905.113,3445.330121
1906.113,3445.330121
1907.113,3445.330121
1908.113,3445.330121
1909.113,3445.330121
1910.113,3445.330121
1911.113,3445.330121
1912.113,3445.330121
1913.113,3445.330121
1914.113,3445.330121
1915.113,3445.330121
1916.113,3445.330121
1917.113,3445.330121
1918.113,3445.330121
1919.113,3445.330121
1920.113,3445.330121
1921.113,3445.330121
1922.113,3445.330121
1923.113,3445.330121
1924.113,3445.330121
1925.113,3445.330121
1926.113,3445.330121
1927.113,3445.330121
1928.113,3445.330121
1929.113,3445.330121
1930.113,3445.330121
1931.113,3445.330121
1932.113,3445.330121
1933.113,3445.330121
1934.113,3445.330121
1935.113,3445.330121
1936.113,3445.330121
1937.113,3445.330121
1938.113,3445.330121
1939.113,3445.330121
1940.113,3445.330121
1941.113,3445.330121
1942.113,3445.330121
1943.113,3445.330121
1944.113,3445.330121
1945.113,3445.330121
1946.113,3445.330121
1947.113,3445.330121
1948.113,3445.330121
1949.113,3445.330121
1950.113,3445.330121
1951.113,3445.330121
1952.113,3445.330121
1953.113,3445.330121
1954.113,3445.330121
1955.113,3445.330121
1956.113,3445.330121
1957.113,10308.846614
1958.113,10308.846614
1959.113,10308.846614
1960.113,2268.297567
1961.113,2268.297567
1962.113,2268.297567
1963.113,2268.297567
1964.113,2268.297567
1965.113,2268.297567
1966.113,2268.297567
1967.113,2268.297567
1968.113,2268.297567
1969.113,2268.297567
1970.113,2268.297567
1971.113,2268.297567
1972.113,2268.297567
1973.113,2268.297567
1974.113,2268.297567
1975.113,2268.297567
1976.113,2268.297567
1977.113,2268.297567
1978.113,2268.297567
1979.113,2268.297567
1980.113,9273.121079
1981.113,9273.121079
1982.113,9273.121079
1983.113,9273.121079
1984.113,9273.121079
1985.113,9273.121079
1986.113,9273.121079
1987.113,9273.121079
